-- phpMyAdmin SQL Dump
-- version 5.2.1
-- https://www.phpmyadmin.net/
--
-- Host: 127.0.0.1
-- Generation Time: Jun 27, 2024 at 02:54 PM
-- Server version: 8.0.37
-- PHP Version: 8.2.12

SET SQL_MODE = "NO_AUTO_VALUE_ON_ZERO";
START TRANSACTION;
SET time_zone = "+00:00";


/*!40101 SET @OLD_CHARACTER_SET_CLIENT=@@CHARACTER_SET_CLIENT */;
/*!40101 SET @OLD_CHARACTER_SET_RESULTS=@@CHARACTER_SET_RESULTS */;
/*!40101 SET @OLD_COLLATION_CONNECTION=@@COLLATION_CONNECTION */;
/*!40101 SET NAMES utf8mb4 */;

--
-- Database: `db_blog_posts`
--

-- --------------------------------------------------------

--
-- Table structure for table `blog_posts`
--

CREATE TABLE `blog_posts` (
  `id` int NOT NULL,
  `title` varchar(100) DEFAULT NULL,
  `body` text,
  `author_id` int NOT NULL
) ENGINE=InnoDB DEFAULT CHARSET=utf8mb4 COLLATE=utf8mb4_0900_ai_ci;

--
-- Dumping data for table `blog_posts`
--

INSERT INTO `blog_posts` (`id`, `title`, `body`, `author_id`) VALUES
(1, 'Algorithm', 'this is article for algorithm', 1),
(2, 'Lorem Ipsum', 'lorem ipsum dolor sit amet', 1),
(3, 'NodeJS', 'Node.js is a JavaScript runtime built on Chrome\'s V8 JavaScript engine.', 2),
(4, 'ReactJS', 'ReactJS is JavaScript library for building user interfaces', 4),
(5, 'Git', 'Git is a free and open source distributed version control system designed to handle everything from small to very large projects with speed and efficiency', 3),
(6, 'Basketball', 'Basketball is a team sport in which two teams, most commonly of five players each, opposing one another on a rectangular court, compete with the primary objective of shooting a basketball (approximately 9.4 inches (24 cm) in diameter) through the defender\'s hoop (a basket 18 inches (46 cm) in diameter mounted 10 feet (3.048 m) high to a backboard at each end of the court, while preventing the opposing team from shooting through their own hoop', 2);

-- --------------------------------------------------------

--
-- Table structure for table `categories`
--

CREATE TABLE `categories` (
  `id` int NOT NULL,
  `name` varchar(100) DEFAULT NULL
) ENGINE=InnoDB DEFAULT CHARSET=utf8mb4 COLLATE=utf8mb4_0900_ai_ci;

--
-- Dumping data for table `categories`
--

INSERT INTO `categories` (`id`, `name`) VALUES
(1, 'Basic'),
(2, 'Library'),
(3, 'Unknown'),
(4, 'Sport');

-- --------------------------------------------------------

--
-- Table structure for table `post_categories`
--

CREATE TABLE `post_categories` (
  `post_id` int NOT NULL,
  `category_id` int NOT NULL
) ENGINE=InnoDB DEFAULT CHARSET=utf8mb4 COLLATE=utf8mb4_0900_ai_ci;

--
-- Dumping data for table `post_categories`
--

INSERT INTO `post_categories` (`post_id`, `category_id`) VALUES
(1, 1),
(2, 3),
(3, 1),
(3, 2),
(4, 2),
(4, 1),
(5, 1),
(6, 4);

-- --------------------------------------------------------

--
-- Table structure for table `users`
--

CREATE TABLE `users` (
  `id` int NOT NULL,
  `name` varchar(100) DEFAULT NULL
) ENGINE=InnoDB DEFAULT CHARSET=utf8mb4 COLLATE=utf8mb4_0900_ai_ci;

--
-- Dumping data for table `users`
--

INSERT INTO `users` (`id`, `name`) VALUES
(1, 'John Doe'),
(2, 'Robert'),
(3, 'Frank'),
(4, 'Jane');

--
-- Indexes for dumped tables
--

--
-- Indexes for table `blog_posts`
--
ALTER TABLE `blog_posts`
  ADD PRIMARY KEY (`id`),
  ADD KEY `author_id` (`author_id`);

--
-- Indexes for table `categories`
--
ALTER TABLE `categories`
  ADD PRIMARY KEY (`id`);

--
-- Indexes for table `post_categories`
--
ALTER TABLE `post_categories`
  ADD KEY `post_id` (`post_id`),
  ADD KEY `category_id` (`category_id`);

--
-- Indexes for table `users`
--
ALTER TABLE `users`
  ADD PRIMARY KEY (`id`);

--
-- Constraints for dumped tables
--

--
-- Constraints for table `blog_posts`
--
ALTER TABLE `blog_posts`
  ADD CONSTRAINT `blog_posts_ibfk_1` FOREIGN KEY (`author_id`) REFERENCES `users` (`id`);

--
-- Constraints for table `post_categories`
--
ALTER TABLE `post_categories`
  ADD CONSTRAINT `post_categories_ibfk_1` FOREIGN KEY (`post_id`) REFERENCES `blog_posts` (`id`),
  ADD CONSTRAINT `post_categories_ibfk_2` FOREIGN KEY (`category_id`) REFERENCES `categories` (`id`);
COMMIT;

/*!40101 SET CHARACTER_SET_CLIENT=@OLD_CHARACTER_SET_CLIENT */;
/*!40101 SET CHARACTER_SET_RESULTS=@OLD_CHARACTER_SET_RESULTS */;
/*!40101 SET COLLATION_CONNECTION=@OLD_COLLATION_CONNECTION */;
